{"stat.flowerPotted":1,"stat.walkOneCm":57409,"stat.drop.metallurgy.sublimation_chamber":4,"stat.pickup.cathedral.deckprism":1,"stat.leaveGame":3,"stat.useItem.iceandfire.stone_statue":2,"stat.useItem.cathedral.extras_block_endstone":2,"stat.pickup.additional_lights.al_lamp_stone":1,"stat.pickup.bibliocraft.bibliocreativelock":1,"stat.jump":119,"stat.fallOneCm":211,"stat.pickup.metallurgy.etherium_goggles":1,"stat.crouchOneCm":1936,"stat.sprintOneCm":27490,"stat.useItem.minecraft.stone_slab2":1070,"stat.drop.minecraft.command_block":1,"stat.drop.minecraft.potion":1,"stat.useItem.quark.trowel":92,"stat.drop.cathedral.basalt_slab_carved":1,"stat.useItem.minecraft.flint_and_steel":13,"stat.damageTaken":31,"stat.pickup.iceandfire.dread_key":1,"stat.flyOneCm":495238,"stat.drop":8,"stat.drop.minecraft.chain_command_block":1,"stat.playOneMinute":162888,"stat.pickup.metallurgy.sublimation_chamber":2,"stat.sneakTime":4389,"stat.timeSinceDeath":162888}