{
	"config_version": {
        "id": "fcpresent112",
        "version": 1
    },
	"dimensions":[
		{
			//Spawn
			"dim": 1100,
			"biome": "minecraft:void",
			"dimensiontype": 
			{
				"id": 1100,
				"name": "Hub World",
				"suffix": "_dim1100",
				"keeploaded": false,
				"worldprovider": "WorldProviderSurfaceJED",
				"require_exact_match": true
			},
            "worldinfo_onetime": {
                "generatorName": "flat",
                "generatorOptions": "3;minecraft:air;1;"
			},
			"jed":
			{
				"CanRespawnHere": false,
				"RespawnDimension": 0

			}
		}
	]
}