{"stat.pickup.minecraft.bone":64,"stat.leaveGame":31,"stat.useItem.minecraft.diamond_sword":39,"stat.drop.mowziesmobs.spawn_egg":1,"stat.pickup.chisel.carpet_orange":8,"stat.drop.additional_lights.al_torch_oak_planks":1,"stat.climbOneCm":8194,"stat.pickup.quark.hardened_clay_tiles":64,"stat.useItem.minecraft.stone_slab2":3187,"stat.drop.psi.psimetal_sword":1,"stat.pickup.minecraft.end_portal_frame":12,"stat.aviateOneCm":189136,"stat.flyOneCm":2600704,"stat.pickup.minecraft.brown_mushroom":64,"stat.useItem.additional_lights.standing_torch_s_stone_bricks":1,"stat.pickup.minecraft.cactus":64,"stat.pickup.metallurgy.phosphorus_lamp":1,"stat.timeSinceDeath":87458,"stat.useItem.minecraft.spawn_egg":8,"stat.pickup.minecraft.carpet":2,"stat.pickup.minecraft.diamond_shovel":1,"stat.killEntity.Creeper":7,"stat.drop.iceandfire.dreadwood_planks_lock":1,"stat.pickup.metallurgy.etherium_goggles":2,"stat.pickup.fairylights.hanging_lights":4,"stat.sprintOneCm":158199,"stat.useItem.statues.palette":3,"stat.useItem.fairylights.hanging_lights":4,"stat.pickup.additional_lights.al_torch_oak_planks":1,"stat.pickup.iceandfire.dread_key":2,"stat.deaths":4,"stat.drop":14,"stat.playOneMinute":335022,"stat.useItem.moarsigns.moar_sign":4,"stat.useItem.chisel.carpet_orange":4,"stat.pickup.cathedral.deckprism":6,"stat.pickup.blockcraftery.editable_door":2,"stat.useItem.minecraft.diamond_axe":1,"stat.drop.bibliocraft.bibliocreativelock":2,"stat.pickup.minecraft.obsidian":64,"stat.pickup.minecraft.diamond_sword":2,"stat.jump":2195,"stat.pickup.minecraft.coal":64,"stat.pickup.minecraft.iron_ingot":64,"stat.pickup.chisel.basalt2":1,"stat.drop.minecraft.diamond_sword":1,"stat.pickup.minecraft.gunpowder":7,"stat.crouchOneCm":41680,"stat.pickup.minecraft.red_mushroom":64,"stat.useItem.iceandfire.dread_stone_slab_double":3,"stat.craftingTableInteraction":2,"stat.useItem.quark.trowel":17,"stat.pickup.minecraft.command_block":3,"stat.drop.cathedral.basalt_block_carved":1,"stat.damageTaken":240,"stat.pickup.minecraft.ender_eye":12,"stat.pickup.iceandfire.dreadwood_planks":1,"stat.pickup.minecraft.reeds":64,"stat.useItem.customnpcs.npcwand":1,"stat.pickup.minecraft.bed":1,"stat.pickup.iceandfire.dreadwood_planks_lock":1,"stat.pickup.minecraft.diamond_axe":1,"stat.useItem.mowziesmobs.spawn_egg":2,"stat.damageDealt":3468,"stat.pickup.psi.psimetal_sword":3,"stat.pickup.minecraft.flint_and_steel":1,"stat.useItem.minecraft.command_block":1,"stat.walkOneCm":399259,"stat.useItem.cathedral.basalt_slab_carved":1,"stat.pickup.iceandfire.dread_torch":1,"stat.pickup.minecraft.diamond_pickaxe":1,"stat.pickup.minecraft.crafting_table":1,"stat.drop.metallurgy.etherium_goggles":3,"stat.drop.minecraft.diamond_axe":1,"stat.pickup.minecraft.log":64,"stat.pickup.bibliocraft.bibliocreativelock":1,"stat.useItem.additional_lights.fire_for_standing_torch_s":1,"stat.useItem.additional_lights.fire_for_standing_torch_l":9,"stat.useItem.additional_lights.fire_for_fire_pit_s":1,"stat.pickup.minecraft.sapling":157,"stat.useItem.minecraft.fireworks":109,"stat.useItem.additional_lights.fire_pit_l_stone_bricks":2,"stat.drop.iceandfire.dread_key":2,"stat.useItem.metallurgy.phosphorus_lamp":2,"stat.pickup.chisel.carpet_gray":1,"stat.mobKills":13,"stat.pickup.minecraft.water_bucket":2,"stat.pickup.minecraft.torch":64,"stat.sneakTime":17670,"stat.pickup.spartanfire.greatsword_fire_dragonsteel":2,"stat.useItem.cathedral.deckprism":2,"stat.pickup.loreexpansion.lore_journal":1}