{"stat.chestOpened":1,"stat.useItem.moarsigns.moar_sign":2,"stat.useItem.cathedral.basalt_stairs_carved_layers":7,"stat.useItem.cathedral.dwemer_door_tall":12,"stat.useItem.cathedral.basalt_stairs_carved_slabs":2,"stat.pickup.nyx.meteor_sword":1,"stat.leaveGame":19,"stat.drop.quark.charred_nether_bricks":1,"stat.useItem.cathedral.dwemer_bars_normal":1,"stat.useItem.quark.paper_lantern":2,"stat.useItem.minecraft.carpet":8,"stat.useItem.minecraft.potion":1,"stat.jump":460,"stat.fallOneCm":496,"stat.useItem.chisel.carpet_black":9,"stat.crouchOneCm":696,"stat.useItem.minecraft.stone_slab2":2338,"stat.useItem.quark.elder_sea_lantern":7,"stat.useItem.metallurgy.bimetal_structure_block":2,"stat.useItem.blockcraftery.editable_wall_reinforced":9,"stat.useItem.bibliocraft.lanterniron":1,"stat.useItem.cathedral.dwemer_block_carved":88,"stat.useItem.quark.candle":19,"stat.useItem.fairylights.pennant_bunting":5,"stat.drop.cathedral.cathedral_gargoyle_demon_limestone":1,"stat.drop.quark.biotite_block":1,"stat.useItem.cathedral.dwemer_door_normal":5,"stat.useItem.quark.hardened_clay_tiles":4,"stat.useItem.minecraft.anvil":2,"stat.flyOneCm":1786592,"stat.useItem.chisel.basalt":7,"stat.useItem.additional_lights.standing_torch_s_stone_bricks":1,"stat.useItem.cathedral.basalt_block_carved":51,"stat.pickup.metallurgy.phosphorus_lamp":9,"stat.useItem.chisel.carpet_yellow":12,"stat.useItem.cathedral.cathedral_chain_various":12,"stat.timeSinceDeath":450,"stat.pickup.psi.psimetal_sword":1,"stat.useItem.chisel.glowstone1":1,"stat.useItem.cathedral.cathedral_pillar_various":6,"stat.useItem.cathedral.basalt_slab_carved":72,"stat.walkOneCm":136581,"stat.useItem.additional_lights.fire_pit_s_stone_bricks":8,"stat.pickup.spartanfire.greatsword_ice_dragonbone":1,"stat.pickup.minecraft.carpet":1,"stat.useItem.iceandfire.dread_torch":3,"stat.pickup.blockcraftery.editable_trap_door":1,"stat.useItem.additional_lights.fire_pit_l_cobblestone":2,"stat.useItem.fairylights.ladder":3,"stat.useItem.additional_lights.fire_for_standing_torch_s":4,"stat.useItem.additional_lights.standing_torch_l_cobblestone":5,"stat.useItem.iceandfire.dreadwood_planks_lock":3,"stat.useItem.quark.leaf_carpet":5,"stat.useItem.additional_lights.fire_for_standing_torch_l":1,"stat.useItem.cathedral.cathedral_glass_stained":15,"stat.pickup.fairylights.hanging_lights":3,"stat.useItem.additional_lights.fire_for_fire_pit_s":13,"stat.sprintOneCm":79770,"stat.useItem.statues.palette":2,"stat.useItem.minecraft.diamond_block":35,"stat.useItem.additional_lights.fire_for_fire_pit_l":9,"stat.useItem.metallurgy.sublimation_chamber":3,"stat.useItem.cathedral.roofing_slab_gray":5,"stat.useItem.fairylights.hanging_lights":6,"stat.useItem.metallurgy.phosphorus_lamp":18,"stat.useItem.cathedral.basalt_stairs_carved_bricks":11,"stat.useItem.additional_lights.al_lamp_stone":4,"stat.pickup.mowziesmobs.barakoa_mask_fear":1,"stat.useItem.cathedral.dwemer_glass_normal":9,"stat.pickup.fairylights.pennant_bunting":2,"stat.useItem.cathedral.cathedral_railing_various":12,"stat.useItem.chisel.basalt2":70,"stat.useItem.cathedral.cathedral_gargoyle_demon_basalt":2,"stat.useItem.metallurgy.shadow_iron_reinforced_glass":2,"stat.deaths":1,"stat.drop":5,"stat.useItem.customnpcs.npcbuilderblock":1,"stat.playOneMinute":225589,"stat.pickup.metallurgy.sublimation_chamber":3,"stat.useItem.blockcraftery.editable_fence_reinforced":6,"stat.pickup.minecraft.stone_button":1,"stat.sneakTime":6405,"stat.drop.spartanfire.greatsword_ice_dragonbone":1,"stat.drop.chisel.basalt2":1,"stat.useItem.bibliocraft.fancysign":2,"stat.useItem.chisel.carpet_cyan":3,"stat.useItem.cathedral.roofing_shingles_natural":1,"stat.pickup.loreexpansion.lore_journal":2}